Description,Chromosome,Gene,SNP,Risk alleles,Not Likely,Less Likely,Normal,More Likely,Most Likely,Carrier
Allergies (general),A,FCER1A,rs2427837,"AA, AG, GG",,"AA,AG",GG,,,
,,,rs2251746,"CC, CT, TT",,"CC,CT",TT,,,
Ankylosing Spondylitis,5,ARTS-1,rs27044,"CC, CG, GG",,,CC,"CG,GG",,
,,,rs17482078,"CC, CT, TT",,"CT,TT",CC,,,
,,,rs10050860,"CC, CT, TT",,"CT,TT",CC,,,
,,,rs30187,"CC, CT, TT",,,CC,"CT,TT",,
,,,rs2287987,"CC, CT, TT",,"CC,CT",TT,,,
,A,IL23R,rs11209026,"AA, AG, GG",,"AA,AG",GG,,,
,,,rs1004819,"CC, CT, TT",,,CC,"CT,TT",,
,,,rs10489629,"AA, AG, GG",,"AG,GG",AA,,,
,,,rs11465804,"GG, GT, TT",,"GG,GT",TT,,,
,,,rs1343151,"CC, CT, TT",,"CT,TT",CC,,,
,,,rs10889677,"AA, AC, CC",,,CC,"AA,AC",,
,5,LNPEP,rs2303138,"AA, AG, GG",,,GG,"AA,AG",,
,6,-,rs7743761,"AA, AC, CC",,,CC,AC,AA,
,12,CLSTN3,rs7302230,"AA, AG, GG",,,AA,AG,GG,
Asthma,A,intergenic,rs4950928,"CC, CG, GG",,"CG,GG",CC,,,
,6,PLA2G7,rs1805018,,,,,,,
,,,rs1051931,,,,,,,
,6,TNF,rs1800629,"AA, AG, GG",,,GG,"AA,AG",,
,7,AAA1,rs324981,,,,,,,
,11,GSTP1,rs1695,"AA, AG, GG",,,AA,AG,GG,
,17,GSDML,rs7216389,"CC, CT, TT",,CC,CT,TT,,
Celiac Disease,A,RGS1,rs2816316,,,,,,,
,B,intergenic,rs917997,"CC, CT, TT",,CC,CT,TT,,
,3,intergenic,rs6441961,,,,,,,
,3,intergenic,rs17810546,"AA, AG, GG",,,AA,"AG,GG",,
,3,LPP,rs1464510,,,,,,,
,4,KIAA1109,rs13119723,,,,,,,
,4,intergenic,rs6822844,"GG, GT, TT",TT,GT,GG,,,
,6,HLA-DQA1,rs2187668,"CC, CT, TT",,CC,,,"CT,TT",
,6,TAGAP,rs1738074,"AA, AG, GG",,AA,"AG,GG",,,
,12,SH2B3,rs3184504,"CC, CT, TT",,,CC,"CT,TT",,
,19,MYO9B,rs2305764,"AA, AG, GG",,AA,"AG,GG",,,
,,,rs2305767,"CC, CT, TT",,CC,CT,TT,,
Crohn's Disease,A,IL23R,rs11209026,"AA, AG, GG","AA,AG",,GG,,,
,,,rs11805303,"CC, CT, TT",,CC,"CT,TT",,,
,B,ATG16L1,rs2241880,"AA, AG, GG",,AA,AG,GG,,
,,,rs10210302,"CC, CT, TT",,"CC,CT",,TT,,
,3,BSN,rs9858542,"AA, AG, GG",,GG,AG,AA,,
,3,MST,rs3197999,"AA, AG, GG",,,"AA,AG",GG,,
,5,5p13 region,rs17234657,"GG, GT, TT",,,TT,"GG,GT",,
,5,IBD5,rs12521868,,,,,,,
,5,IRGM,rs4958847,"AA, AG, GG",,,"AG,GG",AA,,
,,,rs7714584,"AA, AG, GG",,,"AA,AG",GG,,
,6,TNF,rs1800629,"AA, AG, GG",,,GG,AG,AA,
,7,ABCB1,rs3789243,,,,,,,
,10,NKX2-3,rs11190140,"CC, CT, TT",,,"CC,CT",TT,,
,10,intergenic,rs10761659,"AA, AG, GG",,,"AA,AG",GG,,
,10,intergenic,rs224136,"CC, CT, TT",,,"CT,TT",CC,,
,11,NELL1,rs1519717,,,,,,,
,,,rs1793000,,,,,,,
,16,NOD2(1),rs2066844,"CC, CT, TT",,,CC,CT,TT,
,16,NOD2(2),rs2066845,"CC, CG, GG",,,GG,CG,CC,
,,,rs2066843,,,,,,,
,16,NOD3(3),rs2066847,,,,,,,
,18,PTPN2,rs1893217,"AA, AG, GG",,,AA,"AG,GG",,
,,,rs2542151,"GG, GT, TT",,,TT,"GG,GT",,
,22,XBP1,rs35873774,,,,,,,
Type-1 Diabetes,A,PTPN22,rs2476601,,,,,,,
,,,rs6679677,,,,,,,
,B,CTLA4,rs3087243,,,,,,,
,,,rs11571316,,,,,,,
,,,rs231804,,,,,,,
,B,IFIH1,rs1990760,,,,,,,
,4,intergenic,rs6822844,,,,,,,
,6,HLA,rs3129934,,,,,,,
,,,rs9272346,,,,,,,
,10,IL2RA,rs2104286,,,,,,,
,11,INS,rs3741208,,,,,,,
,12,SH2B3,rs3184504,,,,,,,
,12,C12orf30,rs17696736,,,,,,,
,12,ERBB3,rs2292239,,,,,,,
,16,KIAA0350,rs725613,,,,,,,
,18,PTPN2,rs1893217,,,,,,,
,,,rs2542151,,,,,,,
Type-2 Diabetes,A,NOTCH2,rs2793831,,,,,,,
,B,THADA,rs7578597,,,,,,,
,3,PPARG,rs1801282,,,,,,,
,,,rs6802898,,,,,,,
,,,rs2197423,,,,,,,
,3,IGF2BP2,rs4402960,,,,,,,
,4,WFS1,rs10012946,,,,,,,
,5,ADRB2,rs1042714,,,,,,,
,6,CDKAL1,rs4712523,,,,,,,
,,,rs7756992,,,,,,,
,7,JAZF1,rs1635852,,,,,,,
,8,SLC30A8,rs13266634,,,,,,,
,9,CDKN2A/B,rs2383208,,,,,,,
,9,intergenic,rs10811661,"CC, CT, TT",,,CC,"CT,TT",,
,10,TCF7L2,rs7903146,,,,,,,
,,,rs7901695,,,,,,,
,10,HHEX,rs1111875,,,,,,,
,,,rs5015480,,,,,,,
,11,KCNJ11,rs5219,,,,,,,
,,,rs5215,,,,,,,
,12,intergenic,rs1353362,,,,,,,
Graves' disease,A,FCRL3,rs7528684,,,,,,,
,A,IL23R,rs10889677,,,,,,,
,,,rs2201841,,,,,,,
,,,rs7530511,,,,,,,
,A,RSBN1,rs3789604,,,,,,,
,B,CTLA4,rs231775,,,,,,,
,,,rs733618,,,,,,,
,6,ITPR3,rs3748079,,,,,,,
,6,TNF,rs1799964,,,,,,,
,,,rs1800630,,,,,,,
,,,rs1800629,"AA, AG, GG",,,GG,"AA,AG",,
Inflammatory bowel disease,B,IL1B,rs1143634,"CC, CT, TT",,,CC,,"CT,TT",
Multiple Sclerosis,A,RPL5,rs6604026,"CC, CT, TT",,,TT,"CC,CT",,
,A,CD58,rs12044852,"AA, AC, CC",,,AA,"AC,CC",,
,A,FAM69A,rs7536563,"AA, AG, GG",,,GG,"AA,AG",,
,,,rs11164838,"CC, CT, TT",,,"CT,TT",CC,,
,A,EVI5,rs10735781,"CC, CG, GG",,,"CC,CG",GG,,
,,,rs6680578,"AA, AT, TT",,,"AA,AT",TT,,
,A,PDE4B,rs1321172,"CC, CG, GG",,,"CC,CG",GG,,
,B,ALK,rs7577363,"AA, AG, GG",,,GG,"AA,AG",,
,3,CBLB,rs12487066,"CC, CT, TT",,,"CC,CT",TT,,
,5,IL7RA,rs6897932,"CC, CT, TT",,,"CT,TT",CC,,
,6,HLA-DRB1,rs3135388,"AA, AG, GG",,,GG,AG,AA,
,7,IRF5,rs3807306,,,,,,,
,7,intergenic,rs4728142,,,,,,,
,9,DBC1,rs10984447,"AA, AG, GG",,,GG,"AA,AG",,
,9,ANKRD1,rs10975200,"AA, AG, GG",,,"AA,AG",GG,,
,10,IL2RA,rs12722561,"CC, CT, TT",,,"CT,TT",CC,,
,,,rs12722489,"AA, AG, GG",,AA,AG,GG,,
,,,rs2104286,"AA, AG, GG",,GG,AG,AA,,
,12,LAG3,rs870849,,,,,,,
,12,KLRB1,rs4763655,"AA, AG, GG",,,"AG,GG",AA,,
,14,KLC1,rs8702,"CC, CG, GG",,,"CC,CG",,GG,
,16,KIAA0350,rs6498169,"AA, AG, GG",,,"AA,AG",GG,,
Psoriasis,A,IL23R,rs11209026,"AA, AG, GG","AA,AG",,,GG,,
,,,rs2201841,"AA, AG, GG",,,AA,"AG,GG",,
,A,intergenic,rs4112788,"AA, AG, GG",,,AA,"AG,GG",,
,A,intergenic,rs4085613,"GG, GT, TT",,,TT,"GG,GT",,
,5,IL12B,rs3212227,"GG, GT, TT",,"GG,GT",,TT,,
,,,rs3213094,"CC, CT, TT",,,TT,"CC,CT",,
,5,IL13,rs20541,"AA, AG, GG",,,AA,"AG,GG",,
,6,PSORS1C3,rs887466,,,,,,,
,6,HLA-Cw0602,rs1265181,"CC, CG, GG",,,CC,,"CG,GG",
,6,HLA-C,rs1265159,"AA, AG, GG",,,GG,,"AA,AG",
,6,HLA-C,rs10484554,"CC, CT, TT",,CC,,"CT,TT",,
,6,TNF,rs361525,"AA, AG, GG",,,GG,"AA,AG",,
,6,TNFAIP3,rs610604,"GG, GT, TT",,,TT,"GG,GT",,
,12,STAT2,rs2066808,"AA, AG, GG",,,GG,"AA,AG",,
Rheumatoid Arthritis,A,PTPN22,rs2476601,"AA, AG, GG",,GG,,"AA,AG",,
,A,PADI4,rs11203366,"AA, AG, GG",,,"AA,AG",GG,,
,,,rs2240340,"AA, AG, GG",,,GG,"AA,AG",,
,A,MMEL1,rs3890745,"CC, CT, TT",,,"CC,CT",TT,,
,,,rs6684865,"AA, AG, GG",,,AA,"AG,GG",,
,A,FCRL3,rs7528684,"AA, AG, GG",,,"AA,AG",GG,,
,A,RSBN1,rs6679677,,,,,,,
,A,intergenic,rs11162922,,,,,,,
,B,STAT4,rs7574865,,,,,,,
,B,CTLA4,rs3087243,,,,,,,
,B,ITGAV,rs3738919,,,,,,,
,4,intergenic,rs6822844,,,,,,,
,4,ANAPC4,rs3816587,,,,,,,
,6,HLA-DRB1,rs6457617,"CC, CT, TT",,"CC,CT",,TT,,
,6,6q23,rs2327832,"AA, AG, GG",,,AA,"AG,GG",,
,,,rs13192841,,,,,,,
,6,intergenic,rs6920220,,,,,,,
,7,IRF5,rs2004640,,,,,,,
,7,intergenic,rs11761231,,,,,,,
,9,TRAF1/C5,rs3761847,"AA, AG, GG",,AA,AG,GG,,
,9,intergenic,rs10818488,,,,,,,
,9,PHF19,rs1953126,,,,,,,
,10,IL2RA,rs2104286,,,,,,,
,13,intergenic,rs9550642,,,,,,,
,21,intergenic,rs2837960,,,,,,,
,22,intergenic,rs743777,,,,,,,
Sj√∂gren's Syndrome,B,STAT4,rs7574865,"GG, GT, TT",,,GG,"GT,TT",,
Systemic Lupus Erythematosis (Lupus),B,STAT4,rs7574865,"GG, GT, TT",,GG,,"GT,TT",,
,6,HLA-DQA1,rs2187668,"CC, CT, TT",,CC,,"CT,TT",,
,6,TNF,rs1800629,"AA, AG, GG",,,GG,AG,AA,
,7,IRF5,rs10488631,"CC, CT, TT",,TT,,"CC,CT",,
,16,ITGAM,rs9888739,"CC, CT, TT",,CC,,"CT,TT",,
Ulcerative colitis,A,ECM1,,,,,,,,
,A,RUNX3,rs2236851,,,,,,,
,B,IL1B,rs1143634,"CC, CT, TT",,,CC,"CT,TT",,
,B,IL1RN,rs423904,,,,,,,
,5,PTPRS,,,,,,,,
,7,ABCB1,rs3789243,,,,,,,